TV_ALL,COUNTY,TOWN,X,Y,lng,lat
連江縣南竿鄉,連江縣,南竿鄉,143437,2894199,119.93559,25.996083
連江縣北竿鄉,連江縣,北竿鄉,148898,2901401,119.99013,25.996474
連江縣莒光鄉,連江縣,莒光鄉,145527,2873504,119.956706,25.968771
連江縣東引鄉,連江縣,東引鄉,199126,2917589,120.491815,25.999107
金門縣金城鎮,金門縣,金城鎮,-22526,2703390,118.313402,24.412864
金門縣金沙鎮,金門縣,金沙鎮,-11510,2711525,118.420417,24.488129
金門縣金湖鎮,金門縣,金湖鎮,-11946,2706557,118.417035,24.443245
金門縣金寧鄉,金門縣,金寧鄉,-20945,2708268,118.328047,24.457136
金門縣烈嶼鄉,金門縣,烈嶼鄉,-30270,2705412,118.236732,24.429726
宜蘭縣宜蘭市,宜蘭縣,宜蘭市,326526,2738336,121.756597,24.750333
宜蘭縣羅東鎮,宜蘭縣,羅東鎮,327946,2730432,121.770196,24.678905
宜蘭縣蘇澳鎮,宜蘭縣,蘇澳鎮,334605,2716768,121.835169,24.555196
宜蘭縣礁溪鄉,宜蘭縣,礁溪鄉,324270,2745108,121.734654,24.811581
宜蘭縣壯圍鄉,宜蘭縣,壯圍鄉,331085,2738553,121.80168,24.752058
宜蘭縣員山鄉,宜蘭縣,員山鄉,316888,2737370,121.661267,24.742062
宜蘭縣冬山鄉,宜蘭縣,冬山鄉,326976,2726353,121.760389,24.642128
宜蘭縣五結鄉,宜蘭縣,五結鄉,331565,2731577,121.80602,24.689054
宜蘭縣三星鄉,宜蘭縣,三星鄉,317235,2729144,121.664303,24.667782
宜蘭縣大同鄉,宜蘭縣,大同鄉,302191,2715541,121.515166,24.545551
宜蘭縣南澳鄉,宜蘭縣,南澳鄉,317405,2704047,121.664787,24.441191
桃園市桃園區,桃園市,桃園區,280244,2765867,121.299624,25.000506
桃園市中壢區,桃園市,中壢區,271666,2763579,121.214607,24.979996
桃園市大溪區,桃園市,大溪區,279944,2751190,121.296335,24.868003
桃園市楊梅區,桃園市,楊梅區,263047,2756730,121.129169,24.918259
桃園市蘆竹區,桃園市,蘆竹區,278555,2772525,121.283029,25.060648
桃園市大園區,桃園市,大園區,271365,2772876,121.21177,25.063936
桃園市龜山區,桃園市,龜山區,286022,2768511,121.356934,25.02425
桃園市八德區,桃園市,八德區,279417,2760239,121.291311,24.949711
桃園市龍潭區,桃園市,龍潭區,271405,2749263,121.211801,24.850748
桃園市平鎮區,桃園市,平鎮區,271616,2757074,121.21401,24.921267
桃園市新屋區,桃園市,新屋區,256843,2762775,121.067778,24.972876
桃園市觀音區,桃園市,觀音區,261654,2768753,121.11548,25.026818
桃園市復興區,桃園市,復興區,287980,2735879,121.375443,24.729589
新竹縣竹北市,新竹縣,竹北市,249400,2747896,120.994064,24.838556
新竹縣竹東鎮,新竹縣,竹東鎮,257622,2735975,121.075347,24.730907
新竹縣新埔鎮,新竹縣,新埔鎮,259498,2748217,121.093975,24.841425
新竹縣關西鎮,新竹縣,關西鎮,268871,2742003,121.186629,24.785235
新竹縣湖口鄉,新竹縣,湖口鄉,255220,2753128,121.051666,24.885785
新竹縣新豐鄉,新竹縣,新豐鄉,249464,2755530,120.994694,24.90748
新竹縣芎林鄉,新竹縣,芎林鄉,260583,2739844,121.104647,24.765821
新竹縣橫山鄉,新竹縣,橫山鄉,264874,2733438,121.147009,24.707948
新竹縣北埔鄉,新竹縣,北埔鄉,256505,2729468,121.064275,24.672162
新竹縣寶山鄉,新竹縣,寶山鄉,249916,2736651,120.999169,24.737029
新竹縣峨眉鄉,新竹縣,峨眉鄉,251120,2730136,121.011067,24.678207
新竹縣尖石鄉,新竹縣,尖石鄉,278554,2720948,121.281963,24.594986
新竹縣五峰鄉,新竹縣,五峰鄉,264076,2719063,121.138978,24.578167
苗栗縣苗栗市,苗栗縣,苗栗市,230878,2717490,120.811222,24.56391
苗栗縣苑裡鎮,苗栗縣,苑裡鎮,218341,2700615,120.68783,24.411342
苗栗縣通霄鎮,苗栗縣,通霄鎮,220985,2708888,120.713732,24.48609
苗栗縣竹南鎮,苗栗縣,竹南鎮,237459,2732478,120.876058,24.699301
苗栗縣頭份鎮,苗栗縣,頭份鎮,241794,2729934,120.918915,24.676362
苗栗縣後龍鎮,苗栗縣,後龍鎮,227618,2723402,120.778945,24.617245
苗栗縣卓蘭鎮,苗栗縣,卓蘭鎮,235394,2691067,120.856076,24.325386
苗栗縣大湖鄉,苗栗縣,大湖鄉,236103,2698641,120.862989,24.393779
苗栗縣公館鄉,苗栗縣,公館鄉,234858,2710691,120.850586,24.502567
苗栗縣銅鑼鄉,苗栗縣,銅鑼鄉,229640,2705543,120.799171,24.456026
苗栗縣南庄鄉,苗栗縣,南庄鄉,251770,2717735,121.017474,24.56624
苗栗縣頭屋鄉,苗栗縣,頭屋鄉,238115,2718552,120.882659,24.573572
苗栗縣三義鄉,苗栗縣,三義鄉,226686,2697232,120.77017,24.380944
苗栗縣西湖鄉,苗栗縣,西湖鄉,225825,2715033,120.761379,24.541656
苗栗縣造橋鄉,苗栗縣,造橋鄉,236788,2724241,120.869504,24.624926
苗栗縣三灣鄉,苗栗縣,三灣鄉,245197,2725473,120.952556,24.636098
苗栗縣獅潭鄉,苗栗縣,獅潭鄉,241963,2712606,120.920684,24.51991
苗栗縣泰安鄉,苗栗縣,泰安鄉,256914,2701461,121.068179,24.419287
彰化縣彰化市,彰化縣,彰化市,206213,2663451,120.569377,24.075494
彰化縣鹿港鎮,彰化縣,鹿港鎮,191870,2664149,120.428297,24.081334
彰化縣和美鎮,彰化縣,和美鎮,200312,2667731,120.511198,24.113964
彰化縣線西鄉,彰化縣,線西鄉,194484,2669771,120.45379,24.132189
彰化縣伸港鄉,彰化縣,伸港鄉,197822,2673262,120.486504,24.163823
彰化縣福興鄉,彰化縣,福興鄉,191309,2658790,120.422997,24.032926
彰化縣秀水鄉,彰化縣,秀水鄉,199559,2658729,120.504104,24.03266
彰化縣花壇鄉,彰化縣,花壇鄉,205218,2658437,120.559746,24.030193
彰化縣芬園鄉,彰化縣,芬園鄉,212305,2655785,120.629486,24.006432
彰化縣員林鎮,彰化縣,員林鎮,208578,2650281,120.593009,23.956641
彰化縣溪湖鎮,彰化縣,溪湖鎮,197399,2649781,120.483191,23.951796
彰化縣田中鎮,彰化縣,田中鎮,208274,2639262,120.590336,23.857137
彰化縣大村鄉,彰化縣,大村鄉,205087,2654230,120.558588,23.992203
彰化縣埔鹽鄉,彰化縣,埔鹽鄉,195009,2654256,120.459542,23.992121
彰化縣埔心鄉,彰化縣,埔心鄉,202598,2649873,120.534268,23.95279
彰化縣永靖鄉,彰化縣,永靖鄉,203323,2646403,120.541501,23.92148
彰化縣社頭鄉,彰化縣,社頭鄉,209493,2644610,120.602156,23.905459
彰化縣二水鄉,彰化縣,二水鄉,212156,2633955,120.628585,23.809314
彰化縣北斗鎮,彰化縣,北斗鎮,202554,2640405,120.534142,23.867298
彰化縣二林鎮,彰化縣,二林鎮,189342,2645886,120.404195,23.91634
彰化縣田尾鄉,彰化縣,田尾鄉,201361,2644096,120.522306,23.90059
彰化縣埤頭鄉,彰化縣,埤頭鄉,195778,2642113,120.467549,23.882505
彰化縣芳苑鄉,彰化縣,芳苑鄉,182907,2650517,120.340779,23.957896
彰化縣大城鄉,彰化縣,大城鄉,178213,2639635,120.295194,23.859438
彰化縣竹塘鄉,彰化縣,竹塘鄉,190274,2638606,120.413646,23.850643
彰化縣溪州鄉,彰化縣,溪州鄉,201320,2635975,120.522173,23.827261
南投縣南投市,南投縣,南投市,217288,2646410,120.678674,23.921891
南投縣埔里鎮,南投縣,埔里鎮,246217,2652691,120.962824,23.978937
南投縣草屯鎮,南投縣,草屯鎮,222744,2653207,120.732141,23.983367
南投縣竹山鎮,南投縣,竹山鎮,220437,2621627,120.710104,23.69817
南投縣集集鎮,南投縣,集集鎮,228124,2637001,120.785255,23.837116
南投縣名間鄉,南投縣,名間鄉,217111,2638573,120.677112,23.851122
南投縣鹿谷鄉,南投縣,鹿谷鄉,227729,2626012,120.781543,23.737883
南投縣中寮鄉,南投縣,中寮鄉,228185,2644609,120.78574,23.905815
南投縣魚池鄉,南投縣,魚池鄉,242438,2641297,120.925745,23.87604
南投縣國姓鄉,南投縣,國姓鄉,236520,2658488,120.867476,24.031229
南投縣水里鄉,南投縣,水里鄉,235946,2632428,120.862082,23.795911
南投縣信義鄉,南投縣,信義鄉,252176,2616880,121.021331,23.655574
南投縣仁愛鄉,南投縣,仁愛鄉,264695,2658202,121.144466,24.028636
雲林縣斗六市,雲林縣,斗六市,205142,2622586,120.560094,23.706476
雲林縣斗南鎮,雲林縣,斗南鎮,197206,2618690,120.482409,23.671056
雲林縣虎尾鎮,雲林縣,虎尾鎮,191786,2623777,120.429074,23.716802
雲林縣西螺鎮,雲林縣,西螺鎮,194766,2630705,120.45804,23.779463
雲林縣土庫鎮,雲林縣,土庫鎮,185213,2620972,120.364736,23.691223
雲林縣北港鎮,雲林縣,北港鎮,177952,2610068,120.294071,23.592459
雲林縣古坑鄉,雲林縣,古坑鄉,210374,2613606,120.611641,23.625526
雲林縣大埤鄉,雲林縣,大埤鄉,191392,2615903,120.425521,23.645689
雲林縣莿桐鄉,雲林縣,莿桐鄉,201990,2629598,120.528957,23.7697
雲林縣林內鄉,雲林縣,林內鄉,210792,2628035,120.615356,23.755826
雲林縣二崙鄉,雲林縣,二崙鄉,188501,2632191,120.396508,23.792653
雲林縣崙背鄉,雲林縣,崙背鄉,182121,2630667,120.333974,23.778635
雲林縣麥寮鄉,雲林縣,麥寮鄉,172913,2631783,120.243573,23.788295
雲林縣東勢鄉,雲林縣,東勢鄉,174175,2621536,120.256481,23.695834
雲林縣褒忠鄉,雲林縣,褒忠鄉,179791,2623760,120.311442,23.71617
雲林縣台西鄉,雲林縣,台西鄉,169006,2623824,120.205674,23.716241
雲林縣元長鄉,雲林縣,元長鄉,181409,2615603,120.327686,23.642587
雲林縣四湖鄉,雲林縣,四湖鄉,168992,2615638,120.205984,23.642328
雲林縣口湖鄉,雲林縣,口湖鄉,162333,2605867,120.141294,23.553757
雲林縣水林鄉,雲林縣,水林鄉,171922,2606679,120.23517,23.561579
嘉義縣太保市,嘉義縣,太保市,182986,2596827,120.343985,23.473116
嘉義縣朴子市,嘉義縣,朴子市,173761,2593879,120.253834,23.446091
嘉義縣布袋鎮,嘉義縣,布袋鎮,165895,2586066,120.17729,23.375157
嘉義縣大林鎮,嘉義縣,大林鎮,197008,2610710,120.480752,23.598993
嘉義縣民雄鄉,嘉義縣,民雄鄉,193262,2604483,120.444285,23.542638
嘉義縣溪口鄉,嘉義縣,溪口鄉,188867,2610142,120.401009,23.593577
嘉義縣新港鄉,嘉義縣,新港鄉,183457,2604895,120.348237,23.545985
嘉義縣六腳鄉,嘉義縣,六腳鄉,175599,2600970,120.27147,23.510203
嘉義縣東石鄉,嘉義縣,東石鄉,165601,2596419,120.173834,23.468623
嘉義縣義竹鄉,嘉義縣,義竹鄉,170648,2582796,120.223952,23.345869
嘉義縣鹿草鄉,嘉義縣,鹿草鄉,178958,2589677,120.304894,23.408383
嘉義縣水上鄉,嘉義縣,水上鄉,190210,2591933,120.414894,23.429205
嘉義縣中埔鄉,嘉義縣,中埔鄉,202634,2589117,120.53656,23.404185
嘉義縣竹崎鄉,嘉義縣,竹崎鄉,208799,2600137,120.596577,23.503863
嘉義縣梅山鄉,嘉義縣,梅山鄉,213123,2605841,120.638774,23.555474
嘉義縣番路鄉,嘉義縣,番路鄉,209896,2591702,120.607543,23.427722
嘉義縣大埔鄉,嘉義縣,大埔鄉,208023,2576298,120.589642,23.288576
嘉義縣阿里山鄉,嘉義縣,阿里山鄉,225440,2593127,120.759632,23.440899
屏東縣屏東市,屏東縣,屏東市,196562,2507263,120.479996,22.66483
屏東縣潮州鎮,屏東縣,潮州鎮,204413,2493025,120.556804,22.536477
屏東縣東港鎮,屏東縣,東港鎮,195987,2484892,120.475166,22.462783
屏東縣恆春鎮,屏東縣,恆春鎮,225551,2431964,120.763235,21.98544
屏東縣萬丹鄉,屏東縣,萬丹鄉,196225,2498779,120.477007,22.588202
屏東縣長治鄉,屏東縣,長治鄉,204378,2510539,120.555956,22.694644
屏東縣麟洛鄉,屏東縣,麟洛鄉,201691,2505473,120.52996,22.648819
屏東縣九如鄉,屏東縣,九如鄉,197043,2514673,120.484426,22.731763
屏東縣里港鄉,屏東縣,里港鄉,199296,2522073,120.50612,22.798659
屏東縣鹽埔鄉,屏東縣,鹽埔鄉,205774,2515849,120.569394,22.742634
屏東縣高樹鄉,屏東縣,高樹鄉,209119,2523295,120.601766,22.809962
屏東縣萬巒鄉,屏東縣,萬巒鄉,209054,2498105,120.601791,22.582473
屏東縣內埔鄉,屏東縣,內埔鄉,207743,2505727,120.588837,22.651275
屏東縣竹田鄉,屏東縣,竹田鄉,201459,2498930,120.527905,22.589723
屏東縣新埤鄉,屏東縣,新埤鄉,207266,2487520,120.584689,22.486836
屏東縣枋寮鄉,屏東縣,枋寮鄉,208563,2478274,120.597535,22.403366
屏東縣新園鄉,屏東縣,新園鄉,193439,2490931,120.450193,22.517238
屏東縣崁頂鄉,屏東縣,崁頂鄉,198634,2490710,120.500698,22.515406
屏東縣林邊鄉,屏東縣,林邊鄉,199824,2482525,120.512523,22.441523
屏東縣南州鄉,屏東縣,南州鄉,200411,2486772,120.518094,22.479895
屏東縣佳冬鄉,屏東縣,佳冬鄉,203433,2481226,120.547623,22.429894
屏東縣琉球鄉,屏東縣,琉球鄉,185206,2471358,120.370964,22.340184
屏東縣車城鄉,屏東縣,車城鄉,223508,2442351,120.743281,22.079223
屏東縣滿州鄉,屏東縣,滿州鄉,233855,2439033,120.843581,22.049383
屏東縣枋山鄉,屏東縣,枋山鄉,214646,2463568,120.656941,22.270687
屏東縣三地門鄉,屏東縣,三地門鄉,217816,2521947,120.686513,22.797978
屏東縣霧台鄉,屏東縣,霧台鄉,229544,2517720,120.800804,22.759987
屏東縣瑪家鄉,屏東縣,瑪家鄉,217111,2507907,120.679941,22.67117
屏東縣泰武鄉,屏東縣,泰武鄉,218313,2500487,120.691788,22.604183
屏東縣來義鄉,屏東縣,來義鄉,217667,2489140,120.685737,22.501695
屏東縣春日鄉,屏東縣,春日鄉,218867,2478337,120.697612,22.404153
屏東縣獅子鄉,屏東縣,獅子鄉,222762,2462467,120.735713,22.260891
屏東縣牡丹鄉,屏東縣,牡丹鄉,231151,2450780,120.817247,22.155451
台東縣台東市,台東縣,台東市,261282,2516776,121.109855,22.751549
台東縣成功鎮,台東縣,成功鎮,286215,2558365,121.353604,23.126772
台東縣關山鎮,台東縣,關山鎮,268092,2548479,121.176535,23.037793
台東縣卑南鄉,台東縣,卑南鄉,250154,2518260,121.0015,22.764988
台東縣鹿野鄉,台東縣,鹿野鄉,266111,2538967,121.157106,22.951913
台東縣池上鄉,台東縣,池上鄉,272378,2554551,121.218444,23.092575
台東縣東河鄉,台東縣,東河鄉,275814,2542120,121.251776,22.980265
台東縣長濱鄉,台東縣,長濱鄉,293563,2581396,121.426008,23.33457
台東縣太麻里鄉,台東縣,太麻里鄉,247921,2499065,120.97978,22.591635
台東縣大武鄉,台東縣,大武鄉,239507,2475961,120.898099,22.382945
台東縣綠島鄉,台東縣,綠島鄉,300370,2506738,121.490133,22.660183
台東縣海端鄉,台東縣,海端鄉,251800,2557004,121.017574,23.114877
台東縣延平鄉,台東縣,延平鄉,248302,2533598,120.983448,22.903504
台東縣金峰鄉,台東縣,金峰鄉,235315,2497976,120.857185,22.581738
台東縣達仁鄉,台東縣,達仁鄉,233035,2476164,120.835245,22.384726
台東縣蘭嶼鄉,台東縣,蘭嶼鄉,306861,2438765,121.550874,22.04611
花蓮縣花蓮市,花蓮縣,花蓮市,311785,2654819,121.607251,23.996954
花蓮縣鳳林鎮,花蓮縣,鳳林鎮,297390,2626482,121.46486,23.741582
花蓮縣玉里鎮,花蓮縣,玉里鎮,286878,2585477,121.360735,23.371586
花蓮縣新城鄉,花蓮縣,新城鄉,312433,2661361,121.6139,24.055997
花蓮縣吉安鄉,花蓮縣,吉安鄉,307473,2650217,121.564691,23.955564
花蓮縣壽豐鄉,花蓮縣,壽豐鄉,304413,2637934,121.534171,23.844765
花蓮縣光復鄉,花蓮縣,光復鄉,294379,2615913,121.435009,23.646234
花蓮縣豐濱鄉,花蓮縣,豐濱鄉,300446,2609182,121.494249,23.585277
花蓮縣瑞穗鄉,花蓮縣,瑞穗鄉,291727,2601416,121.408609,23.515399
花蓮縣富里鄉,花蓮縣,富里鄉,280510,2566106,121.298056,23.196792
花蓮縣秀林鄉,花蓮縣,秀林鄉,298862,2668825,121.480713,24.123867
花蓮縣萬榮鄉,花蓮縣,萬榮鄉,282323,2623494,121.317001,23.714975
花蓮縣卓溪鄉,花蓮縣,卓溪鄉,267972,2587069,121.175819,23.38628
澎湖縣馬公市,澎湖縣,馬公市,105621,2605424,119.585944,23.5457
澎湖縣湖西鄉,澎湖縣,湖西鄉,111782,2608975,119.645943,23.578293
澎湖縣白沙鄉,澎湖縣,白沙鄉,106778,2619782,119.595893,23.675417
澎湖縣西嶼鄉,澎湖縣,西嶼鄉,97894,2612192,119.509595,23.606088
澎湖縣望安鄉,澎湖縣,望安鄉,98275,2583041,119.516273,23.342974
澎湖縣七美鄉,澎湖縣,七美鄉,89259,2568216,119.4297,23.208288
基隆市七堵區,基隆市,七堵區,318961,2778118,121.683786,25.109837
基隆市暖暖區,基隆市,暖暖區,325125,2774961,121.744729,25.081042
基隆市仁愛區,基隆市,仁愛區,324977,2779280,121.743498,25.120039
基隆市中山區,基隆市,中山區,323621,2782668,121.730234,25.150691
基隆市安樂區,基隆市,安樂區,321355,2781667,121.707707,25.141764
基隆市信義區,基隆市,信義區,327913,2779948,121.772648,25.125921
新竹市東區,新竹市,東區,249270,2742569,120.99278,24.790461
新竹市北區,新竹市,北區,244500,2746276,120.945589,24.82392
新竹市香山區,新竹市,香山區,242114,2740352,120.922019,24.770424
嘉義市東區,嘉義市,東區,195945,2597671,120.470808,23.481219
嘉義市西區,嘉義市,西區,191237,2597537,120.424724,23.479845
台北市松山區,台北市,松山區,306267,2772507,121.557694,25.059708
台北市信義區,台北市,信義區,307687,2769306,121.571634,25.030757
台北市大安區,台北市,大安區,304848,2768856,121.543485,25.0268
台北市中山區,台北市,中山區,304299,2773611,121.538232,25.069747
台北市中正區,台北市,中正區,302470,2769469,121.519945,25.032418
台北市大同區,台北市,大同區,301795,2772963,121.513388,25.063985
台北市萬華區,台北市,萬華區,300201,2769132,121.497449,25.029452
台北市文山區,台北市,文山區,307945,2764641,121.573994,24.988631
台北市南港區,台北市,南港區,311512,2769913,121.609562,25.036086
台北市內湖區,台北市,內湖區,309748,2775195,121.592311,25.083841
台北市士林區,台北市,士林區,305559,2779795,121.550971,25.125529
台北市北投區,台北市,北投區,302173,2782262,121.517488,25.147922
高雄市鹽埕區,高雄市,鹽埕區,176416,2502861,120.284173,22.624322
高雄市鼓山區,高雄市,鼓山區,175482,2505286,120.274972,22.64618
高雄市左營區,高雄市,左營區,177590,2509476,120.295288,22.684109
高雄市楠梓區,高雄市,楠梓區,178175,2513582,120.300793,22.721212
高雄市三民區,高雄市,三民區,179895,2505682,120.317889,22.649944
高雄市新興區,高雄市,新興區,178736,2503481,120.306712,22.63002
高雄市前金區,高雄市,前金區,177472,2503166,120.294431,22.627122
高雄市苓雅區,高雄市,苓雅區,180196,2502782,120.320946,22.623768
高雄市前鎮區,高雄市,前鎮區,179365,2499285,120.313019,22.592154
高雄市旗津區,高雄市,旗津區,177247,2498063,120.292478,22.581029
高雄市小港區,高雄市,小港區,183903,2494737,120.357343,22.551265
高雄市鳳山區,高雄市,鳳山區,183735,2501671,120.355418,22.613877
高雄市林園區,高雄市,林園區,188177,2489959,120.399084,22.508277
高雄市大寮區,高雄市,大寮區,189456,2499333,120.411156,22.592977
高雄市大樹區,高雄市,大樹區,190977,2512416,120.425457,22.711179
高雄市大社區,高雄市,大社區,185386,2515638,120.370902,22.740071
高雄市仁武區,高雄市,仁武區,184298,2511353,120.36049,22.701333
高雄市鳥松區,高雄市,鳥松區,185552,2507071,120.372871,22.662712
高雄市岡山區,高雄市,岡山區,177913,2522858,120.297814,22.804967
高雄市橋頭區,高雄市,橋頭區,178193,2517066,120.300808,22.752675
高雄市燕巢區,高雄市,燕巢區,185400,2520920,120.37082,22.78777
高雄市田寮區,高雄市,田寮區,188031,2529351,120.396108,22.864005
高雄市阿蓮區,高雄市,阿蓮區,180388,2530088,120.321598,22.87036
高雄市路竹區,高雄市,路竹區,174673,2528670,120.265974,22.857308
高雄市湖內區,高雄市,湖內區,170578,2532688,120.225868,22.893402
高雄市茄萣區,高雄市,茄萣區,167705,2531349,120.197937,22.881172
高雄市永安區,高雄市,永安區,170558,2524738,120.226079,22.821612
高雄市彌陀區,高雄市,彌陀區,171812,2520144,120.238525,22.780186
高雄市梓官區,高雄市,梓官區,173932,2516579,120.259344,22.74809
高雄市旗山區,高雄市,旗山區,196202,2529577,120.475725,22.866328
高雄市美濃區,高雄市,美濃區,205190,2533239,120.563207,22.899662
高雄市六龜區,高雄市,六龜區,215237,2545764,120.660858,23.01301
高雄市甲仙區,高雄市,甲仙區,211341,2557184,120.622563,23.116052
高雄市杉林區,高雄市,杉林區,205205,2544008,120.563041,22.996913
高雄市內門區,高雄市,內門區,195847,2539668,120.471912,22.957443
高雄市茂林區,高雄市,茂林區,224601,2535451,120.752381,22.920046
高雄市桃源區,高雄市,桃源區,234846,2569192,120.851928,23.224872
高雄市那瑪夏區,高雄市,那瑪夏區,221464,2573482,120.72109,23.263435
新北市板橋區,新北市,板橋區,296200,2767159,121.457738,25.011767
新北市三重區,新北市,三重區,299160,2772859,121.487267,25.063134
新北市中和區,新北市,中和區,299875,2764866,121.494065,24.99095
新北市永和區,新北市,永和區,302154,2766784,121.516712,25.008189
新北市新莊區,新北市,新莊區,294076,2769829,121.436779,25.035936
新北市新店區,新北市,新店區,303692,2758185,121.531616,24.930503
新北市樹林區,新北市,樹林區,290495,2763610,121.401111,24.97989
新北市鶯歌區,新北市,鶯歌區,284999,2761035,121.346608,24.956779
新北市三峽區,新北市,三峽區,292058,2752795,121.416265,24.882207
新北市淡水區,新北市,淡水區,296743,2786821,121.463786,25.189259
新北市汐止區,新北市,汐止區,316041,2774065,121.65464,25.073378
新北市瑞芳區,新北市,瑞芳區,333036,2776911,121.823264,25.098231
新北市土城區,新北市,土城區,295003,2761906,121.445707,24.964379
新北市蘆洲區,新北市,蘆洲區,297529,2775761,121.471202,25.089385
新北市五股區,新北市,五股區,293697,2776506,121.433236,25.096227
新北市泰山區,新北市,泰山區,292000,2771998,121.416273,25.055577
新北市林口區,新北市,林口區,285576,2776919,121.352732,25.100169
新北市深坑區,新北市,深坑區,312595,2765669,121.620101,24.997727
新北市石碇區,新北市,石碇區,315358,2760086,121.647208,24.947208
新北市坪林區,新北市,坪林區,323156,2756121,121.724214,24.911058
新北市三芝區,新北市,三芝區,301887,2791564,121.515004,25.231909
新北市石門區,新北市,石門區,307342,2795280,121.569302,25.265257
新北市八里區,新北市,八里區,291655,2781146,121.413131,25.138175
新北市平溪區,新北市,平溪區,326484,2768892,121.757863,25.026186
新北市雙溪區,新北市,雙溪區,334063,2765692,121.832761,24.996897
新北市貢寮區,新北市,貢寮區,342656,2768859,121.918091,25.024985
新北市金山區,新北市,金山區,310957,2789957,121.604953,25.21706
新北市萬里區,新北市,萬里區,314896,2785406,121.643827,25.17581
新北市烏來區,新北市,烏來區,304747,2742441,121.541442,24.788326
台中市中區,台中市,中區,217531,2670775,120.680518,24.141897
台中市東區,台中市,東區,219215,2670262,120.697099,24.137299
台中市南區,台中市,南區,215894,2668479,120.664465,24.121131
台中市西區,台中市,西區,215923,2670994,120.664691,24.14384
台中市北區,台中市,北區,217570,2672644,120.68086,24.158773
台中市西屯區,台中市,西屯區,212063,2675344,120.626596,24.183029
台中市南屯區,台中市,南屯區,211179,2670743,120.618019,24.141464
台中市北屯區,台中市,北屯區,223195,2675433,120.736163,24.184062
台中市豐原區,台中市,豐原區,223354,2682743,120.737592,24.250068
台中市東勢區,台中市,東勢區,233765,2682678,120.840119,24.249624
台中市大甲區,台中市,大甲區,213027,2696973,120.635527,24.378342
台中市清水區,台中市,清水區,207032,2687655,120.576711,24.294057
台中市沙鹿區,台中市,沙鹿區,207739,2681050,120.583869,24.234439
台中市后里區,台中市,后里區,221031,2689355,120.714583,24.309728
台中市神岡區,台中市,神岡區,216841,2684495,120.673413,24.265763
台中市潭子區,台中市,潭子區,220659,2678530,120.711138,24.21198
台中市大雅區,台中市,大雅區,213554,2680210,120.641148,24.227
台中市新社區,台中市,新社區,232860,2674730,120.831302,24.177849
台中市石岡區,台中市,石岡區,228718,2684392,120.790392,24.265039
台中市外埔區,台中市,外埔區,216007,2692236,120.665016,24.335639
台中市大安區,台中市,大安區,208608,2695515,120.592009,24.365067
台中市烏日區,台中市,烏日區,212305,2664389,120.629263,24.08412
台中市大肚區,台中市,大肚區,204700,2671137,120.554257,24.144849
台中市龍井區,台中市,龍井區,202005,2677386,120.527532,24.201192
台中市霧峰區,台中市,霧峰區,221535,2659862,120.720129,24.043437
台中市太平區,台中市,太平區,226975,2667755,120.77349,24.114795
台中市大里區,台中市,大里區,218754,2665671,120.692662,24.095836
台中市和平區,台中市,和平區,264227,2685596,121.140135,24.27599
台南市新營區,台南市,新營區,177871,2577841,120.294824,23.301461
台南市鹽水區,台南市,鹽水區,173140,2577523,120.24859,23.298375
台南市白河區,台南市,白河區,194563,2583305,120.457808,23.351449
台南市柳營區,台南市,柳營區,183960,2574219,120.354508,23.269011
台南市後壁區,台南市,後壁區,183392,2584496,120.348504,23.361787
台南市東山區,台南市,東山區,193149,2575217,120.444283,23.278367
台南市麻豆區,台南市,麻豆區,172311,2564709,120.24114,23.182629
台南市下營區,台南市,下營區,174756,2570068,120.264757,23.231133
台南市六甲區,台南市,六甲區,186544,2569597,120.379957,23.227377
台南市官田區,台南市,官田區,183252,2565591,120.347967,23.191073
台南市大內區,台南市,大內區,188447,2560462,120.398919,23.14496
台南市佳里區,台南市,佳里區,165889,2563018,120.178509,23.167045
台南市學甲區,台南市,學甲區,166532,2572468,120.18427,23.252408
台南市西港區,台南市,西港區,168081,2558345,120.200166,23.12496
台南市七股區,台南市,七股區,157730,2558162,120.099122,23.122763
台南市將軍區,台南市,將軍區,160705,2567632,120.127612,23.208435
台南市北門區,台南市,北門區,160610,2575322,120.126232,23.277866
台南市新化區,台南市,新化區,181928,2548208,120.335806,23.03405
台南市善化區,台南市,善化區,178204,2560003,120.29892,23.140402
台南市新市區,台南市,新市區,177549,2553687,120.292824,23.08334
台南市安定區,台南市,安定區,171098,2555508,120.229768,23.099489
台南市山上區,台南市,山上區,185577,2555152,120.371118,23.096901
台南市玉井區,台南市,玉井區,194788,2557113,120.460959,23.114941
台南市楠西區,台南市,楠西區,200557,2564182,120.517052,23.178959
台南市南化區,台南市,南化區,203306,2557112,120.544119,23.115195
台南市左鎮區,台南市,左鎮區,189776,2547300,120.412413,23.026154
台南市仁德區,台南市,仁德區,172247,2537999,120.241868,22.941438
台南市歸仁區,台南市,歸仁區,177500,2538567,120.293057,22.946804
台南市關廟區,台南市,關廟區,181730,2539557,120.334258,22.955922
台南市龍崎區,台南市,龍崎區,187131,2539422,120.386929,22.954915
台南市永康區,台南市,永康區,173571,2547507,120.254305,23.027357
台南市東區,台南市,東區,170868,2542489,120.228192,22.981918
台南市南區,台南市,南區,166924,2539636,120.189881,22.955964
台南市北區,台南市,北區,168598,2545627,120.205888,23.010145
台南市安南區,台南市,安南區,163164,2549936,120.152638,23.048779
台南市安平區,台南市,安平區,164324,2543368,120.164322,22.989532
台南市中西區,台南市,中西區,167337,2543989,120.193675,22.995292
宜蘭縣頭城鎮,宜蘭縣,頭城鎮,345640,2761341,121.947135,24.956933
基隆市中正區,基隆市,中正區,331888,2787655,121.812525,25.195283
基隆市中正區,基隆市,中正區,331888,2787655,121.812525,25.195283
